imdb_id,title,Comment
tt15239678,Dune: Part Two,already exists in database,already exists in database
tt13751694,Animal,already exists in database,already exists in database
tt1562871,Ra.One,already exists in database,already exists in database
tt4383594,Nine Lives,already exists in database,already exists in database
tt2953050,Encanto,already exists in database,already exists in database
tt0795351,Case 39,movie was fetched and saved,already exists in database
tt4954522,Raw,movie was fetched and saved,already exists in database
tt0314331,Love Actually,movie was fetched and saved,already exists in database
tt1637706,Our Idiot Brother,movie was fetched and saved,already exists in database
tt1389139,When the Bough Breaks,movie was fetched and saved,already exists in database
tt0093036,Flowers in the Attic,movie was fetched and saved,already exists in database
tt1341167,Four Lions,movie was fetched and saved,already exists in database
tt2350892,Bad Country,movie was fetched and saved,already exists in database
tt0446029,Scott Pilgrim vs. the World,movie was fetched and saved,already exists in database
tt2281587,Muppets Most Wanted,movie was fetched and saved,already exists in database
tt2531344,Blockers,movie was fetched and saved,already exists in database
tt2024469,Non-Stop,movie was fetched and saved,already exists in database
tt1197628,Observe and Report,movie was fetched and saved,already exists in database
tt3322940,Annabelle,movie was fetched and saved,already exists in database
tt2084989,Upstream Color,movie was fetched and saved,already exists in database
tt1213644,Disaster Movie,movie was fetched and saved,already exists in database
tt1590193,The Commuter,movie was fetched and saved,already exists in database
tt0361748,Inglourious Basterds,movie was fetched and saved,already exists in database
tt0464154,Piranha 3D,movie was fetched and saved,already exists in database
tt0989757,Dear John,movie was fetched and saved,already exists in database
tt0498399,We Own the Night,movie was fetched and saved,already exists in database
tt6079516,I See You,movie was fetched and saved,already exists in database
tt0795438,Not Easily Broken,movie was fetched and saved,already exists in database
tt1964418,Tomorrowland,movie was fetched and saved,already exists in database
tt0829482,Superbad,movie was fetched and saved,already exists in database
tt3722070,The Lady in the Van,movie was fetched and saved,already exists in database
tt2267998,Gone Girl,movie was fetched and saved,already exists in database
tt1187064,Triangle,movie was fetched and saved,already exists in database
tt0480249,I Am Legend,movie was fetched and saved,already exists in database
tt5436228,Woman Walks Ahead,movie was fetched and saved,already exists in database
tt0252866,American Pie 2,movie was fetched and saved,already exists in database
tt3231054,Risen,movie was fetched and saved,already exists in database
tt4651520,Bad Moms,movie was fetched and saved,already exists in database
tt0164184,The Sum of All Fears,movie was fetched and saved,already exists in database
tt7312940,Singularity,movie was fetched and saved,already exists in database
tt0297284,Mindhunters,movie was fetched and saved,already exists in database
tt1814621,Admission,movie was fetched and saved,already exists in database
tt0119282,Hercules,movie was fetched and saved,already exists in database
tt2752772,Sinister 2,movie was fetched and saved,already exists in database
tt1124037,Free State of Jones,movie was fetched and saved,already exists in database
tt0762107,I Now Pronounce You Chuck & Larry,movie was fetched and saved,already exists in database
tt0090756,Blue Velvet,movie was fetched and saved,already exists in database
tt1411238,No Strings Attached,movie was fetched and saved,already exists in database
tt2784678,Top Five,movie was fetched and saved,already exists in database
tt0335266,Lost in Translation,movie was fetched and saved,already exists in database
tt1792647,Cirque du Soleil: Worlds Away,movie was fetched and saved,already exists in database
tt1655441,The Age of Adaline,movie was fetched and saved,already exists in database
tt3553976,Captain Fantastic,movie was fetched and saved,already exists in database
tt5294966,After the Storm,movie was fetched and saved,already exists in database
tt0480687,Hall Pass,movie was fetched and saved,already exists in database
tt1781922,No Escape,movie was fetched and saved,already exists in database
tt7046826,The Mimic,movie was fetched and saved,already exists in database
tt1667353,Mirror Mirror,movie was fetched and saved,already exists in database
tt2625810,Into the Forest,movie was fetched and saved,already exists in database
tt0402399,The New World,movie was fetched and saved,already exists in database
tt0388125,In Her Shoes,movie was fetched and saved,already exists in database
tt4555426,Darkest Hour,movie was fetched and saved,already exists in database
tt0486946,Wild Hogs,movie was fetched and saved,already exists in database
tt2333784,The Expendables 3,movie was fetched and saved,already exists in database
tt3335606,Berlin Syndrome,movie was fetched and saved,already exists in database
tt0765443,Eastern Promises,movie was fetched and saved,already exists in database
tt1053810,The Big Year,movie was fetched and saved,already exists in database
tt1666801,The DUFF,movie was fetched and saved,already exists in database
tt0795421,Mamma Mia!,movie was fetched and saved,already exists in database
tt0421715,The Curious Case of Benjamin Button,movie was fetched and saved,already exists in database
tt1666186,Vampires Suck,movie was fetched and saved,already exists in database
tt3063516,Jackass Presents: Bad Grandpa,movie was fetched and saved,already exists in database
tt1856101,Blade Runner 2049,movie was fetched and saved,already exists in database
tt3569230,Legend,movie was fetched and saved,already exists in database
tt0473705,State of Play,movie was fetched and saved,already exists in database
tt2101473,The Physician,movie was fetched and saved,already exists in database
tt2316204,Alien: Covenant,movie was fetched and saved,already exists in database
tt1623205,Oz the Great and Powerful,movie was fetched and saved,already exists in database
tt2172985,The Art of the Steal,movie was fetched and saved,already exists in database
tt0405296,A Scanner Darkly,movie was fetched and saved,already exists in database
tt0317219,Cars,movie was fetched and saved,already exists in database
tt0926084,Harry Potter and the Deathly Hallows: Part 1,movie was fetched and saved,already exists in database
tt1800241,American Hustle,movie was fetched and saved,already exists in database
tt1667310,Deadfall,movie was fetched and saved,already exists in database
tt8347960,Breath,movie was fetched and saved,already exists in database
tt0107290,Jurassic Park,movie was fetched and saved,already exists in database
tt3503406,The Whole Truth,movie was fetched and saved,already exists in database
tt2172584,Maps to the Stars,movie was fetched and saved,already exists in database
tt0272338,Punch-Drunk Love,movie was fetched and saved,already exists in database
tt0427392,The Invasion,movie was fetched and saved,already exists in database
tt1297919,Blitz,movie was fetched and saved,already exists in database
tt0181875,Almost Famous,movie was fetched and saved,already exists in database
tt1985949,The Angry Birds Movie,movie was fetched and saved,already exists in database
tt0785006,Hotel for Dogs,movie was fetched and saved,already exists in database
tt0258000,Panic Room,movie was fetched and saved,already exists in database
tt0787474,The Boxtrolls,movie was fetched and saved,already exists in database
tt0427944,Thank You for Smoking,movie was fetched and saved,already exists in database
tt4255304,The Void,movie was fetched and saved,already exists in database
tt0396752,Nanny McPhee,movie was fetched and saved,already exists in database
tt5836262,DC Super Hero Girls: Hero of the Year,movie was fetched and saved,already exists in database
tt1606389,The Vow,movie was fetched and saved,already exists in database
tt6333086,Menashe,movie was fetched and saved,already exists in database
tt3352390,Friend Request,movie was fetched and saved,already exists in database
tt1563738,One Day,movie was fetched and saved,already exists in database
tt1446192,Rise of the Guardians,movie was fetched and saved,already exists in database
tt1410063,The Flowers of War,movie was fetched and saved,already exists in database
tt2109248,Transformers: Age of Extinction,movie was fetched and saved,already exists in database
tt1222815,Chimpanzee,movie was fetched and saved,already exists in database
tt1661382,Grudge Match,movie was fetched and saved,already exists in database
tt1075747,Jonah Hex,movie was fetched and saved,already exists in database
tt0266543,Finding Nemo,movie was fetched and saved,already exists in database
tt0482571,The Prestige,movie was fetched and saved,already exists in database
tt0386117,Where the Wild Things Are,movie was fetched and saved,already exists in database
tt1201607,Harry Potter and the Deathly Hallows: Part 2,movie was fetched and saved,already exists in database
tt0411061,88 Minutes,movie was fetched and saved,already exists in database
tt0206314,Joy Ride,movie was fetched and saved,already exists in database
tt1074638,Skyfall,movie was fetched and saved,already exists in database
tt3014284,The Lego Ninjago Movie,movie was fetched and saved,already exists in database
tt2203939,The Other Woman,movie was fetched and saved,already exists in database
tt0465234,National Treasure: Book of Secrets,movie was fetched and saved,already exists in database
tt0780653,The Wolfman,movie was fetched and saved,already exists in database
tt0172156,Bad Boys II,movie was fetched and saved,already exists in database
tt3696180,The Forgiven,movie was fetched and saved,already exists in database
tt5104604,Isle of Dogs,movie was fetched and saved,already exists in database
tt1055369,Transformers: Revenge of the Fallen,movie was fetched and saved,already exists in database
tt1704292,Battlestar Galactica: Blood & Chrome,movie was fetched and saved,already exists in database
tt1810683,Little Boy,movie was fetched and saved,already exists in database
tt1675192,Take Shelter,movie was fetched and saved,already exists in database
tt0834001,Underworld: Rise of the Lycans,movie was fetched and saved,already exists in database
tt1905041,Fast & Furious 6,movie was fetched and saved,already exists in database
tt0481369,The Number 23,movie was fetched and saved,already exists in database
tt2429074,G.B.F.,movie was fetched and saved,already exists in database
tt1703958,Ek Main Aur Ekk Tu,movie was fetched and saved,already exists in database
tt1294226,The Last Song,movie was fetched and saved,already exists in database
tt5962210,Ingrid Goes West,movie was fetched and saved,already exists in database
tt0455824,Australia,movie was fetched and saved,already exists in database
tt3986820,The Endless,movie was fetched and saved,already exists in database
tt6495770,Action Point,movie was fetched and saved,already exists in database
tt3011960,Hangman,movie was fetched and saved,already exists in database
tt2193215,The Counselor,movie was fetched and saved,already exists in database
tt0175142,Scary Movie,movie was fetched and saved,already exists in database
tt3262342,Loving Vincent,movie was fetched and saved,already exists in database
tt0203119,Sexy Beast,movie was fetched and saved,already exists in database
tt0469494,There Will Be Blood,movie was fetched and saved,already exists in database
tt1758795,The To Do List,movie was fetched and saved,already exists in database
tt1247640,District 13: Ultimatum,movie was fetched and saved,already exists in database
tt0094612,Action Jackson,movie was fetched and saved,already exists in database
tt1083456,Fired Up!,movie was fetched and saved,already exists in database
tt2720680,The Salvation,movie was fetched and saved,already exists in database
tt0292506,The Recruit,movie was fetched and saved,already exists in database
tt0268380,Ice Age,movie was fetched and saved,already exists in database
tt7784604,Hereditary,movie was fetched and saved,already exists in database
tt0416236,The Spiderwick Chronicles,movie was fetched and saved,already exists in database
tt0181865,Traffic,movie was fetched and saved,already exists in database
tt2725962,What We Did on Our Holiday,movie was fetched and saved,already exists in database
tt1606378,A Good Day to Die Hard,movie was fetched and saved,already exists in database
tt0452598,Cheaper by the Dozen 2,movie was fetched and saved,already exists in database
tt0814314,Seven Pounds,movie was fetched and saved,already exists in database
tt1545754,Are You Here,movie was fetched and saved,already exists in database
tt0120784,Payback,movie was fetched and saved,already exists in database
tt2345737,The Rover,movie was fetched and saved,already exists in database
tt0454848,Inside Man,movie was fetched and saved,already exists in database
tt0790636,Dallas Buyers Club,movie was fetched and saved,already exists in database
tt1605783,Midnight in Paris,movie was fetched and saved,already exists in database
tt1371150,This Is Where I Leave You,movie was fetched and saved,already exists in database
tt1477837,Cedar Rapids,movie was fetched and saved,already exists in database
tt0318649,Sahara,movie was fetched and saved,already exists in database
tt1029231,Krrish 3,movie was fetched and saved,already exists in database
tt4005402,Colonia,movie was fetched and saved,already exists in database
tt1742044,Jersey Boys,movie was fetched and saved,already exists in database
tt2873282,Red Sparrow,movie was fetched and saved,already exists in database
tt2488496,Star Wars: Episode VII - The Force Awakens,movie was fetched and saved,already exists in database
tt3707104,Mine,movie was fetched and saved,already exists in database
tt1637688,In Time,movie was fetched and saved,already exists in database
tt1449283,Winnie the Pooh,movie was fetched and saved,already exists in database
tt1798684,Southpaw,movie was fetched and saved,already exists in database
tt0385752,The Golden Compass,movie was fetched and saved,already exists in database
tt1907668,Flight,movie was fetched and saved,already exists in database
tt4733640,The Limehouse Golem,movie was fetched and saved,already exists in database
tt0414982,Final Destination 3,movie was fetched and saved,already exists in database
tt1034303,Defiance,movie was fetched and saved,already exists in database
tt2713180,Fury,movie was fetched and saved,already exists in database
tt0408236,Sweeney Todd: The Demon Barber of Fleet Street,movie was fetched and saved,already exists in database
tt0830515,Quantum of Solace,movie was fetched and saved,already exists in database
tt3387542,The Forest,movie was fetched and saved,already exists in database
tt4178092,The Gift,movie was fetched and saved,already exists in database
tt1726669,Killer Joe,movie was fetched and saved,already exists in database
tt7167602,Suicide Squad: Hell to Pay,movie was fetched and saved,already exists in database
tt1711525,Office Christmas Party,movie was fetched and saved,already exists in database
tt0430105,Four Brothers,movie was fetched and saved,already exists in database
tt2226417,Insidious: Chapter 2,movie was fetched and saved,already exists in database
tt1758830,This Is 40,movie was fetched and saved,already exists in database
tt2823054,Mike and Dave Need Wedding Dates,movie was fetched and saved,already exists in database
tt1872194,The Judge,movie was fetched and saved,already exists in database
tt1139328,The Ghost Writer,movie was fetched and saved,already exists in database
tt0387564,Saw,movie was fetched and saved,already exists in database
tt1815862,After Earth,movie was fetched and saved,already exists in database
tt1853739,You're Next,movie was fetched and saved,already exists in database
tt3758708,The Hippopotamus,movie was fetched and saved,already exists in database
tt0437405,Paper Man,movie was fetched and saved,already exists in database
tt1592873,LOL,movie was fetched and saved,already exists in database
tt2083383,Trouble with the Curve,movie was fetched and saved,already exists in database
tt1646987,Wrath of the Titans,movie was fetched and saved,already exists in database
tt4302938,Kubo and the Two Strings,movie was fetched and saved,already exists in database
tt2004420,Neighbors,movie was fetched and saved,already exists in database
tt1540011,Blair Witch,movie was fetched and saved,already exists in database
tt0822854,Shooter,movie was fetched and saved,already exists in database
tt3286560,The Last Face,movie was fetched and saved,already exists in database
tt0490086,Big Stan,movie was fetched and saved,already exists in database
tt1385826,The Adjustment Bureau,movie was fetched and saved,already exists in database
tt3480556,A Good Man,movie was fetched and saved,already exists in database
tt0080761,Friday the 13th,movie was fetched and saved,already exists in database
tt0995039,Ghost Town,movie was fetched and saved,already exists in database
tt0841046,Walk Hard: The Dewey Cox Story,movie was fetched and saved,already exists in database
tt3148834,Thunder and the House of Magic,movie was fetched and saved,already exists in database
tt0443465,Before We Go,movie was fetched and saved,already exists in database
tt2184339,The Purge,movie was fetched and saved,already exists in database
tt1981128,Geostorm,movie was fetched and saved,already exists in database
tt0780567,Imagine That,movie was fetched and saved,already exists in database
tt0475417,Unearthed,movie was fetched and saved,already exists in database
tt1078588,My Sister's Keeper,movie was fetched and saved,already exists in database
tt2509850,The Rewrite,movie was fetched and saved,already exists in database
tt0375912,Layer Cake,movie was fetched and saved,already exists in database
tt5843838,Max 2: White House Hero,movie was fetched and saved,already exists in database
tt1560985,The Devil Inside,movie was fetched and saved,already exists in database
tt3859310,How to Talk to Girls at Parties,movie was fetched and saved,already exists in database
tt0301526,The Land Before Time VIII: The Big Freeze,movie was fetched and saved,already exists in database
tt2597718,Three Night Stand,movie was fetched and saved,already exists in database
tt1242432,I Spit on Your Grave,movie was fetched and saved,already exists in database
tt0463854,28 Weeks Later,movie was fetched and saved,already exists in database
tt2084970,The Imitation Game,movie was fetched and saved,already exists in database
tt2058107,The Railway Man,movie was fetched and saved,already exists in database
tt0121766,Star Wars: Episode III - Revenge of the Sith,movie was fetched and saved,already exists in database
tt1223236,African Cats,movie was fetched and saved,already exists in database
tt0356910,Mr. & Mrs. Smith,movie was fetched and saved,already exists in database
tt1951265,The Hunger Games: Mockingjay - Part 1,movie was fetched and saved,already exists in database
tt1193631,Step Up 3D,movie was fetched and saved,already exists in database
tt1152398,Beastly,movie was fetched and saved,already exists in database
tt1001508,He's Just Not That Into You,movie was fetched and saved,already exists in database
tt0369441,Fun with Dick and Jane,movie was fetched and saved,already exists in database
tt12747748,Leave the World Behind,movie was fetched and saved,already exists in database
tt0369610,Jurassic World,movie was fetched and saved,already exists in database
tt2171867,Empire State,movie was fetched and saved,already exists in database
tt1532958,Battle of the Year,movie was fetched and saved,already exists in database
tt0463985,The Fast and the Furious: Tokyo Drift,movie was fetched and saved,already exists in database
tt1469304,Baywatch,movie was fetched and saved,already exists in database
tt1650554,Kick-Ass 2,movie was fetched and saved,already exists in database
tt1630036,Courageous,movie was fetched and saved,already exists in database
tt0467200,The Other Boleyn Girl,movie was fetched and saved,already exists in database
tt5580390,The Shape of Water,movie was fetched and saved,already exists in database
tt0477071,Premonition,movie was fetched and saved,already exists in database
tt4438848,Neighbors 2: Sorority Rising,movie was fetched and saved,already exists in database
tt0449059,Little Miss Sunshine,movie was fetched and saved,already exists in database
tt0493464,Wanted,movie was fetched and saved,already exists in database
tt6143568,The Humanity Bureau,movie was fetched and saved,already exists in database
tt2025690,The Finest Hours,movie was fetched and saved,already exists in database
tt0808510,Tooth Fairy,movie was fetched and saved,already exists in database
tt1486185,Red Riding Hood,movie was fetched and saved,already exists in database
tt1179904,Paranormal Activity,movie was fetched and saved,already exists in database
tt0138749,The Road to El Dorado,movie was fetched and saved,already exists in database
tt2368619,The Take,movie was fetched and saved,already exists in database
tt0379786,Serenity,movie was fetched and saved,already exists in database
tt1068680,Yes Man,movie was fetched and saved,already exists in database
tt2872750,Shaun the Sheep Movie,movie was fetched and saved,already exists in database
tt1037705,The Book of Eli,movie was fetched and saved,already exists in database
tt2398241,Smurfs: The Lost Village,movie was fetched and saved,already exists in database
tt3411444,Ferdinand,movie was fetched and saved,already exists in database
tt1232829,21 Jump Street,movie was fetched and saved,already exists in database
tt3532608,The Fluffy Movie: Unity Through Laughter,movie was fetched and saved,already exists in database
tt0859635,Super Troopers 2,movie was fetched and saved,already exists in database
tt1325004,The Twilight Saga: Eclipse,movie was fetched and saved,already exists in database
tt1588173,Warm Bodies,movie was fetched and saved,already exists in database
tt1276419,A Royal Affair,movie was fetched and saved,already exists in database
tt1843866,Captain America: The Winter Soldier,movie was fetched and saved,already exists in database
tt0388980,The Greatest Game Ever Played,movie was fetched and saved,already exists in database
tt0780521,The Princess and the Frog,movie was fetched and saved,already exists in database
tt1536537,What Happened to Monday,movie was fetched and saved,already exists in database
tt13097932,One Life,movie was fetched and saved,already exists in database
tt1198138,Obsessed,movie was fetched and saved,already exists in database
tt5294550,All the Money in the World,movie was fetched and saved,already exists in database
tt0238380,Equilibrium,movie was fetched and saved,already exists in database
tt4703048,6 Days,movie was fetched and saved,already exists in database
tt0314353,Tears of the Sun,movie was fetched and saved,already exists in database
tt0281358,A Walk to Remember,movie was fetched and saved,already exists in database
tt0482572,Pride and Glory,movie was fetched and saved,already exists in database
tt0996605,Love Songs,movie was fetched and saved,already exists in database
tt0398286,Tangled,movie was fetched and saved,already exists in database
tt0880578,Untraceable,movie was fetched and saved,already exists in database
tt1568911,War Horse,movie was fetched and saved,already exists in database
tt4305148,Lovesong,movie was fetched and saved,already exists in database
tt5001754,Braven,movie was fetched and saved,already exists in database
tt0910970,WALL·E,movie was fetched and saved,already exists in database
tt1966604,The Imposter,movie was fetched and saved,already exists in database
tt0482606,The Strangers,movie was fetched and saved,already exists in database
tt5360952,The Hurricane Heist,movie was fetched and saved,already exists in database
tt4680182,Colossal,movie was fetched and saved,already exists in database
tt6306064,Adrift,movie was fetched and saved,already exists in database
tt0120804,Resident Evil,movie was fetched and saved,already exists in database
tt6622186,Ferrari: Race to Immortality,movie was fetched and saved,already exists in database
tt0074285,Carrie,movie was fetched and saved,already exists in database
tt0087277,Footloose,movie was fetched and saved,already exists in database
tt0389860,Click,movie was fetched and saved,already exists in database
tt0360486,Constantine,movie was fetched and saved,already exists in database
tt0384286,Cry Wolf,movie was fetched and saved,already exists in database
tt0364725,Dodgeball: A True Underdog Story,movie was fetched and saved,already exists in database
tt1735898,Snow White and the Huntsman,movie was fetched and saved,already exists in database
tt0296572,The Chronicles of Riddick,movie was fetched and saved,already exists in database
tt7286456,Joker,movie was fetched and saved,already exists in database
tt2305051,Wild,movie was fetched and saved,already exists in database
tt2246565,An Honest Liar,movie was fetched and saved,already exists in database
tt0046183,Peter Pan,movie was fetched and saved,already exists in database
tt0453467,Deja Vu,movie was fetched and saved,already exists in database
tt2975590,Batman v Superman: Dawn of Justice,movie was fetched and saved,already exists in database
tt1591479,Act of Valor,movie was fetched and saved,already exists in database
tt5670152,Traffik,movie was fetched and saved,already exists in database
tt4196776,Jason Bourne,movie was fetched and saved,already exists in database
tt1233301,Ironclad,movie was fetched and saved,already exists in database
tt0435651,The Giver,movie was fetched and saved,already exists in database
tt2004432,Wolf Creek 2,movie was fetched and saved,already exists in database
tt0388482,Transporter 2,movie was fetched and saved,already exists in database
tt3850214,Dope,movie was fetched and saved,already exists in database
tt1321870,Gangster Squad,movie was fetched and saved,already exists in database
tt4131800,My Little Pony: The Movie,movie was fetched and saved,already exists in database
tt0215750,Enemy at the Gates,movie was fetched and saved,already exists in database
tt3319730,The Mercy,movie was fetched and saved,already exists in database
tt0364045,Taking Lives,movie was fetched and saved,already exists in database
tt0882977,Snitch,movie was fetched and saved,already exists in database
tt0382932,Ratatouille,movie was fetched and saved,already exists in database
tt3168230,Mr. Holmes,movie was fetched and saved,already exists in database
tt0298203,8 Mile,movie was fetched and saved,already exists in database
tt1188729,Pandorum,movie was fetched and saved,already exists in database
tt2626350,Step Up All In,movie was fetched and saved,already exists in database
tt3829920,Only the Brave,movie was fetched and saved,already exists in database
tt1407061,Just Wright,movie was fetched and saved,already exists in database
tt3780500,Journey's End,movie was fetched and saved,already exists in database
tt1226240,A Late Quartet,movie was fetched and saved,already exists in database
tt3469046,Despicable Me 3,movie was fetched and saved,already exists in database
tt3296908,The Man with the Iron Heart,movie was fetched and saved,already exists in database
tt0347149,Howl's Moving Castle,movie was fetched and saved,already exists in database
tt5859238,Lucky,movie was fetched and saved,already exists in database
tt1408101,Star Trek Into Darkness,movie was fetched and saved,already exists in database
tt2077886,The Phantom of the Opera at the Royal Albert Hall,movie was fetched and saved,already exists in database
tt0471042,Tower Heist,movie was fetched and saved,already exists in database
tt2177771,The Monuments Men,movie was fetched and saved,already exists in database
tt1840309,Divergent,movie was fetched and saved,already exists in database
tt1204975,Last Vegas,movie was fetched and saved,already exists in database
tt0914798,The Boy in the Striped Pajamas,movie was fetched and saved,already exists in database
tt1454468,Gravity,movie was fetched and saved,already exists in database
tt2872732,Lucy,movie was fetched and saved,already exists in database
tt1231583,Due Date,movie was fetched and saved,already exists in database
tt1694020,The Guilt Trip,movie was fetched and saved,already exists in database
tt4431254,The Land Before Time XIV: Journey of the Brave,movie was fetched and saved,already exists in database
tt0825232,The Bucket List,movie was fetched and saved,already exists in database
tt0170016,How the Grinch Stole Christmas,movie was fetched and saved,already exists in database
tt2140373,Saving Mr. Banks,movie was fetched and saved,already exists in database
tt1381404,The Company You Keep,movie was fetched and saved,already exists in database
tt1067774,Monte Carlo,movie was fetched and saved,already exists in database
tt0413300,Spider-Man 3,movie was fetched and saved,already exists in database
tt3014866,Criminal,movie was fetched and saved,already exists in database
tt1753496,Resident Evil: Damnation,movie was fetched and saved,already exists in database
tt5154288,Prevenge,movie was fetched and saved,already exists in database
tt0317705,The Incredibles,movie was fetched and saved,already exists in database
tt2250912,Spider-Man: Homecoming,movie was fetched and saved,already exists in database
tt0210945,Remember the Titans,movie was fetched and saved,already exists in database
tt1528100,Exodus: Gods and Kings,movie was fetched and saved,already exists in database
tt4694544,Once Upon a Time in Venice,movie was fetched and saved,already exists in database
tt0478311,Knocked Up,movie was fetched and saved,already exists in database
tt4016934,The Handmaiden,movie was fetched and saved,already exists in database
tt2339741,The Woman in Black 2: Angel of Death,movie was fetched and saved,already exists in database
tt1901024,Dark Crimes,movie was fetched and saved,already exists in database
tt0790724,Jack Reacher,movie was fetched and saved,already exists in database
tt2234003,Calvary,movie was fetched and saved,already exists in database
tt0327554,Catwoman,movie was fetched and saved,already exists in database
tt0810913,Jack and Jill,movie was fetched and saved,already exists in database
tt0450232,16 Blocks,movie was fetched and saved,already exists in database
tt2326612,The Captive,movie was fetched and saved,already exists in database
tt1568338,Man on a Ledge,movie was fetched and saved,already exists in database
tt1731701,Barely Lethal,movie was fetched and saved,already exists in database
tt3661298,Septembers of Shiraz,movie was fetched and saved,already exists in database
tt1486834,What If,movie was fetched and saved,already exists in database
tt0448011,Knowing,movie was fetched and saved,already exists in database
tt1392190,Mad Max: Fury Road,movie was fetched and saved,already exists in database
tt1684233,Welcome to the Punch,movie was fetched and saved,already exists in database
tt0460810,The Great Buck Howard,movie was fetched and saved,already exists in database
tt0363771,"The Chronicles of Narnia: The Lion, the Witch and the Wardrobe",movie was fetched and saved,already exists in database
tt1649419,The Impossible,movie was fetched and saved,already exists in database
tt0433771,"Aloha, Scooby-Doo!",movie was fetched and saved,already exists in database
tt0343737,The Good Shepherd,movie was fetched and saved,already exists in database
tt4215766,Scooby-Doo! Moon Monster Madness,movie was fetched and saved,already exists in database
tt4225622,The Babysitter,movie was fetched and saved,already exists in database
tt3319920,Regression,movie was fetched and saved,already exists in database
tt1172991,The Company Men,movie was fetched and saved,already exists in database
tt3783958,La La Land,movie was fetched and saved,already exists in database
tt1753383,A Dog's Purpose,movie was fetched and saved,already exists in database
tt0120855,Tarzan,movie was fetched and saved,already exists in database
tt4276820,The Founder,movie was fetched and saved,already exists in database
tt1190080,2012,movie was fetched and saved,already exists in database
tt1854564,Percy Jackson: Sea of Monsters,movie was fetched and saved,already exists in database
tt0359950,The Secret Life of Walter Mitty,movie was fetched and saved,already exists in database
tt0492956,The Game Plan,movie was fetched and saved,already exists in database
tt3919322,Scooby-Doo! Frankencreepy,movie was fetched and saved,already exists in database
tt1217613,Battle Los Angeles,movie was fetched and saved,already exists in database
tt0866439,Made of Honor,movie was fetched and saved,already exists in database
tt2446980,Joy,movie was fetched and saved,already exists in database
tt0375679,Crash,movie was fetched and saved,already exists in database
tt0416320,Match Point,movie was fetched and saved,already exists in database
tt0926129,Prom Night,movie was fetched and saved,already exists in database
tt0429493,The A-Team,movie was fetched and saved,already exists in database
tt0452608,Death Race,movie was fetched and saved,already exists in database
tt0349825,Miracle,movie was fetched and saved,already exists in database
tt0840361,The Town,movie was fetched and saved,already exists in database
tt0410297,The Lake House,movie was fetched and saved,already exists in database
tt2268016,Magic Mike XXL,movie was fetched and saved,already exists in database
tt2209418,Before Midnight,movie was fetched and saved,already exists in database
tt2114504,Woody Woodpecker,movie was fetched and saved,already exists in database
tt2582498,Sweet Virginia,movie was fetched and saved,already exists in database
tt2570858,The Duke of Burgundy,movie was fetched and saved,already exists in database
tt1222817,Zookeeper,movie was fetched and saved,already exists in database
tt3387648,The Taking of Deborah Logan,movie was fetched and saved,already exists in database
tt5751998,Small Town Crime,movie was fetched and saved,already exists in database
tt0469903,The Express,movie was fetched and saved,already exists in database
tt0491175,Suburbicon,movie was fetched and saved,already exists in database
tt4263482,The Witch,movie was fetched and saved,already exists in database
tt3393786,Jack Reacher: Never Go Back,movie was fetched and saved,already exists in database
tt4695012,It Comes at Night,movie was fetched and saved,already exists in database
tt3266284,November Criminals,movie was fetched and saved,already exists in database
tt2537176,I Spit on Your Grave 2,movie was fetched and saved,already exists in database
tt0345543,The Land Before Time IX: Journey to Big Water,movie was fetched and saved,already exists in database
tt0100802,Total Recall,movie was fetched and saved,already exists in database
tt0286106,Signs,movie was fetched and saved,already exists in database
tt1441326,Martha Marcy May Marlene,movie was fetched and saved,already exists in database
tt1654523,Night Train to Lisbon,movie was fetched and saved,already exists in database
tt1282140,Easy A,movie was fetched and saved,already exists in database
tt0451079,Horton Hears a Who!,movie was fetched and saved,already exists in database
tt1438254,Charlie St. Cloud,movie was fetched and saved,already exists in database
tt0472033,9,movie was fetched and saved,already exists in database
tt5548284,Lego Scooby-Doo!: Haunted Hollywood,movie was fetched and saved,already exists in database
tt1764183,Arbitrage,movie was fetched and saved,already exists in database
tt0296042,Ichi the Killer,movie was fetched and saved,already exists in database
tt3139072,Son of Batman,movie was fetched and saved,already exists in database
tt3874544,The Boss Baby,movie was fetched and saved,already exists in database
tt0274558,The Hours,movie was fetched and saved,already exists in database
tt0342258,Unleashed,movie was fetched and saved,already exists in database
tt1825157,The Double,movie was fetched and saved,already exists in database
tt0804497,It's Kind of a Funny Story,movie was fetched and saved,already exists in database
tt0449088,Pirates of the Caribbean: At World's End,movie was fetched and saved,already exists in database
tt1790809,Pirates of the Caribbean: Dead Men Tell No Tales,movie was fetched and saved,already exists in database
tt0964516,Fashion,movie was fetched and saved,already exists in database
tt6063050,Acrimony,movie was fetched and saved,already exists in database
tt2096673,Inside Out,movie was fetched and saved,already exists in database
tt1629757,Chasing Mavericks,movie was fetched and saved,already exists in database
tt5126922,The Pirates of Somalia,movie was fetched and saved,already exists in database
tt1778304,Paranormal Activity 3,movie was fetched and saved,already exists in database
tt0384806,The Amityville Horror,movie was fetched and saved,already exists in database
tt3042408,Who Am I,movie was fetched and saved,already exists in database
tt4602066,The Catcher Was a Spy,movie was fetched and saved,already exists in database
tt0432283,Fantastic Mr. Fox,movie was fetched and saved,already exists in database
tt1261945,Sex and the City 2,movie was fetched and saved,already exists in database
tt3766424,Bad Grandpa .5,movie was fetched and saved,already exists in database
tt1748122,Moonrise Kingdom,movie was fetched and saved,already exists in database
tt3721964,Gringo,movie was fetched and saved,already exists in database
tt1527186,Melancholia,movie was fetched and saved,already exists in database
tt4002772,Once I Was a Beehive,movie was fetched and saved,already exists in database
tt4139124,Keanu,movie was fetched and saved,already exists in database
tt3846674,To All the Boys I've Loved Before,movie was fetched and saved,already exists in database
tt3896102,"Tad, the Lost Explorer, and the Secret of King Midas",movie was fetched and saved,already exists in database
tt0498380,Letters from Iwo Jima,movie was fetched and saved,already exists in database
tt2170439,Horrible Bosses 2,movie was fetched and saved,already exists in database
tt0218967,The Family Man,movie was fetched and saved,already exists in database
tt2379713,Spectre,movie was fetched and saved,already exists in database
tt6061074,First Match,movie was fetched and saved,already exists in database
tt0458413,A Long Way Down,movie was fetched and saved,already exists in database
tt5029608,Frantz,movie was fetched and saved,already exists in database
tt4807272,Ruin Me,movie was fetched and saved,already exists in database
tt0338337,Paycheck,movie was fetched and saved,already exists in database
tt3605418,Knock Knock,movie was fetched and saved,already exists in database
tt1991245,Chernobyl Diaries,movie was fetched and saved,already exists in database
tt3062096,Inferno,movie was fetched and saved,already exists in database
tt1197624,Law Abiding Citizen,movie was fetched and saved,already exists in database
tt0087332,Ghostbusters,movie was fetched and saved,already exists in database
tt2380307,Coco,movie was fetched and saved,already exists in database
tt4629266,Born in China,movie was fetched and saved,already exists in database
tt2980516,The Theory of Everything,movie was fetched and saved,already exists in database
tt1823672,Chappie,movie was fetched and saved,already exists in database
tt1764651,The Expendables 2,movie was fetched and saved,already exists in database
tt4769836,The Do-Over,movie was fetched and saved,already exists in database
tt0242653,The Matrix Revolutions,movie was fetched and saved,already exists in database
tt2910814,The Signal,movie was fetched and saved,already exists in database
tt1448755,Killer Elite,movie was fetched and saved,already exists in database
tt4955566,Almost Friends,movie was fetched and saved,already exists in database
tt1078912,Night at the Museum: Battle of the Smithsonian,movie was fetched and saved,already exists in database
tt2286990,The Right Kind of Wrong,movie was fetched and saved,already exists in database
tt1454029,The Help,movie was fetched and saved,already exists in database
tt1727776,Scouts Guide to the Zombie Apocalypse,movie was fetched and saved,already exists in database
tt3397884,Sicario,movie was fetched and saved,already exists in database
tt3700804,Already Tomorrow in Hong Kong,movie was fetched and saved,already exists in database
tt0443489,Dreamgirls,movie was fetched and saved,already exists in database
tt3787590,We Are Your Friends,movie was fetched and saved,already exists in database
tt1748227,The Collection,movie was fetched and saved,already exists in database
tt1648190,The Dark Tower,movie was fetched and saved,already exists in database
tt11628854,Silent Night,movie was fetched and saved
tt1618442,The Last Witch Hunter,movie was fetched and saved
tt0277027,I Am Sam,movie was fetched and saved
tt0479952,Madagascar: Escape 2 Africa,movie was fetched and saved
tt1129423,Fireproof,movie was fetched and saved
tt7966994,The Swan Princess: A Royal Myztery,movie was fetched and saved
tt0300471,Shanghai Knights,movie was fetched and saved
tt1204342,The Muppets,movie was fetched and saved
tt1289403,The Guernsey Literary and Potato Peel Pie Society,movie was fetched and saved
tt4052882,The Shallows,movie was fetched and saved
tt6057032,Gook,movie was fetched and saved
tt1638002,"Love, Rosie",movie was fetched and saved
tt0308353,Happily N'Ever After,movie was fetched and saved
tt0338526,Van Helsing,movie was fetched and saved
tt6179746,The Gateway,movie was fetched and saved
tt1212428,The Lost City of Z,movie was fetched and saved
tt0417415,Aliens of the Deep,movie was fetched and saved
tt2637294,Hot Tub Time Machine 2,movie was fetched and saved
tt2763304,T2 Trainspotting,movie was fetched and saved
tt1496025,Underworld: Awakening,movie was fetched and saved
tt0479968,One Missed Call,movie was fetched and saved
tt6293042,Outrage Coda,movie was fetched and saved
tt1532503,Beginners,movie was fetched and saved
tt0443559,Killshot,movie was fetched and saved
tt0387131,The Constant Gardener,movie was fetched and saved
tt0440803,Shutter,movie was fetched and saved
tt0052618,Ben-Hur,movie was fetched and saved
tt6906292,Retribution,movie was fetched and saved
tt0406759,The Eye,movie was fetched and saved
tt0379557,Touching the Void,movie was fetched and saved
tt4183692,Woodlawn,movie was fetched and saved
tt0385002,Green Street Hooligans,movie was fetched and saved
tt3203528,Bad Samaritan,movie was fetched and saved
tt2978462,Dolphin Tale 2,movie was fetched and saved
tt1233227,Saw VI,movie was fetched and saved
tt3625152,The Man with the Iron Fists 2,movie was fetched and saved
tt4538916,Finding Your Feet,failed to fetch movie
tt1213012,Alpha and Omega,movie was fetched and saved
tt1821694,RED 2,movie was fetched and saved
tt1216516,Tinker Bell and the Lost Treasure,movie was fetched and saved
tt0335119,Girl with a Pearl Earring,movie was fetched and saved
tt1262416,Scream 4,movie was fetched and saved
tt0492044,The Haunting in Connecticut,movie was fetched and saved
tt3901826,The Breadwinner,movie was fetched and saved
tt3722614,Revolt,movie was fetched and saved
tt1472584,Max Steel,movie was fetched and saved
tt0787475,Hot Rod,movie was fetched and saved
tt0077651,Halloween,movie was fetched and saved
tt1541160,Flypaper,movie was fetched and saved
tt2473682,Paranormal Activity: The Marked Ones,movie was fetched and saved
tt1375666,Inception,movie was fetched and saved
tt1850397,The Loft,movie was fetched and saved
tt1935859,Miss Peregrine's Home for Peculiar Children,movie was fetched and saved
tt1536044,Paranormal Activity 2,movie was fetched and saved
tt1664894,Cave of Forgotten Dreams,movie was fetched and saved
tt0316654,Spider-Man 2,movie was fetched and saved
tt1211837,Doctor Strange,movie was fetched and saved
tt4686844,The Death of Stalin,movie was fetched and saved
tt1985966,Cloudy with a Chance of Meatballs 2,movie was fetched and saved
tt0450314,Punisher: War Zone,movie was fetched and saved
tt0271946,The Accidental Spy,movie was fetched and saved
tt1560747,The Master,movie was fetched and saved
tt0309987,The Dreamers,movie was fetched and saved
tt0942385,Tropic Thunder,movie was fetched and saved
tt5825380,Wonder Wheel,movie was fetched and saved
tt1138489,Personal Effects,movie was fetched and saved
tt0443676,Undisputed 2: Last Man Standing
tt1424381,Predators
tt3553442,Whiskey Tango Foxtrot
tt1653665,Goodbye Christopher Robin
tt1954206,The Dirty Picture
tt2708254,Life of a King
tt1213663,The World's End
tt1268799,A Very Harold & Kumar Christmas
tt1104001,Tron: Legacy
tt0462335,High-Rise
tt1690953,Despicable Me 2
tt0444682,The Reaping
tt1435513,Hysteria
tt0134630,Duets
tt0365748,Shaun of the Dead
tt2674426,Me Before You
tt2668134,Harlock: Space Pirate
tt2631186,Baahubali: The Beginning
tt0082198,Conan the Barbarian
tt2402157,The November Man
tt0367594,Charlie and the Chocolate Factory
tt2388715,Oculus
tt1351685,Jack the Giant Slayer
tt3606752,Cars 3
tt1053424,Repo Men
tt0800069,The Hills Have Eyes 2
tt2357291,Rio 2
tt0327850,The Rundown
tt0267657,The Land Before Time VII: The Stone of Cold Fire
tt2172934,3 Days to Kill
tt2322441,Fifty Shades of Grey
tt1226273,Edge of Darkness
tt2980210,A Hologram for the King
tt7256866,Father of the Year
tt2293640,Minions
tt2937898,A Most Violent Year
tt1274586,Dying of the Light
tt2388986,Paterno
tt2170299,Bad Words
tt0162346,Ghost World
tt1723121,We're the Millers
tt2848292,Pitch Perfect 2
tt0371823,"Mickey, Donald, Goofy: The Three Musketeers"
tt2024432,Identity Thief
tt3381008,The Brothers Grimsby
tt3991412,The 9th Life of Louis Drax
tt12311620,Breaking
tt1718924,A Family Man
tt1588878,The Late Bloomer
tt0485947,Mr. Nobody
tt3671542,Holding the Man
tt4501244,Why Him?
tt0126029,Shrek
tt1860357,Deepwater Horizon
tt0799934,Be Kind Rewind
tt1976000,The Two Faces of January
tt1298650,Pirates of the Caribbean: On Stranger Tides
tt1772264,Stonehearst Asylum
tt4685554,The Snow Queen 3: Fire and Ice
tt0063462,The Producers
tt2980706,Planes: Fire & Rescue
tt1002966,Cash
tt2238050,White Bird in a Blizzard
tt0338096,Dirty Dancing: Havana Nights
tt1107860,The Maiden Heist
tt2265398,Drinking Buddies
tt1261047,Gulaal
tt1414382,You Again
tt1622979,Final Destination 5
tt5580036,"I, Tonya"
tt3955894,Girl Asleep
tt1972591,King Arthur: Legend of the Sword
tt1631867,Edge of Tomorrow
tt2461150,Masterminds
tt3007512,The Water Diviner
tt0494238,Inkheart
tt0800080,The Incredible Hulk
tt4669264,Beirut
tt5742374,You Were Never Really Here
tt0443272,Lincoln
tt0404032,The Exorcism of Emily Rose
tt3278330,Tale of Tales
tt2582782,Hell or High Water
tt0452694,The Time Traveler's Wife
tt0480025,This Is England
tt0419058,Phir Hera Pheri
tt2126355,San Andreas
tt0212338,Meet the Parents
tt1440728,The American
tt0265459,One Hour Photo
tt3741632,The Leisure Seeker
tt2404435,The Magnificent Seven
tt5186714,The Salesman
tt1421051,Somewhere
tt4030442,From the Dark
tt1639426,Udaan
tt2667380,Kill Command
tt2364841,Runner Runner
tt0320661,Kingdom of Heaven
tt6108090,Secret Superstar
tt0462244,Daddy Day Camp
tt1666185,All Eyez on Me
tt1403981,Remember Me
tt0329374,Mickey's House of Villains
tt2183034,Earth to Echo
tt2056771,A Bigger Splash
tt5619332,Life of the Party
tt0327084,Over the Hedge
tt0332047,Fever Pitch
tt0475394,Smokin' Aces
tt0373469,Kiss Kiss Bang Bang
tt0120737,The Lord of the Rings: The Fellowship of the Ring
tt8786466,Bert Kreischer: Secret Time
tt1291566,The Vanishing of Sidney Hall
tt2334879,White House Down
tt2126235,Collide
tt0806027,Blood: The Last Vampire
tt2948356,Zootopia
tt1188996,My Name Is Khan
tt3451230,High Strung
tt1975249,6 Bullets
tt0187738,Blade II
tt6333060,Icarus
tt1174732,An Education
tt2295722,Falcon Rising
tt1601913,The Grey
tt0086361,Staying Alive
tt1620935,Bleed for This
tt1038686,Legion
tt3416742,What We Do in the Shadows
tt1022603,500 Days of Summer
tt1648179,Here Comes the Boom
tt0985694,Machete
tt0264616,Frailty
tt3896198,Guardians of the Galaxy Vol. 2
tt3726704,Experimenter
tt0246460,Die Another Day
tt0479997,Season of the Witch
tt1078940,Couples Retreat
tt1133985,Green Lantern
tt4257926,Miracles from Heaven
tt0335438,Starsky & Hutch
tt1615918,Alvin and the Chipmunks: Chipwrecked
tt0244244,Swordfish
tt0408664,Nobody Knows
tt5805752,Brigsby Bear
tt1559547,Beautiful Creatures
tt5657846,Daddy's Home 2
tt0285742,Monster's Ball
tt0431308,P.S. I Love You
tt0450278,Hostel
tt2802144,Kingsman: The Secret Service
tt7451284,Batman Ninja
tt2872462,Mistress America
tt0337921,Cellular
tt4799064,Mindhorn
tt2910904,The Dressmaker
tt0343818,"I, Robot"
tt0372183,The Bourne Supremacy
tt0458352,The Devil Wears Prada
tt0787524,The Man Who Knew Infinity
tt0454945,She's the Man
tt1091191,Lone Survivor
tt5253282,The Bachelors
tt1365050,Beasts of No Nation
tt0196229,Zoolander
tt1179034,From Paris with Love
tt1057500,Invictus
tt0265666,The Royal Tenenbaums
tt4781612,Imperium
tt0499448,The Chronicles of Narnia: Prince Caspian
tt0200465,The Bank Job
tt1800246,That Awkward Moment
tt2244901,I Give It a Year
tt0770703,What's Your Number?
tt6055082,My Pet Dinosaur
tt1699114,All-Star Superman
tt4547194,I Kill Giants
tt0362270,The Life Aquatic with Steve Zissou
tt1441953,Testament of Youth
tt0190590,"O Brother, Where Art Thou?"
tt0120912,Men in Black II
tt3704428,Elvis
tt0375063,Sideways
tt0313443,Out of Time
tt0480242,Dan in Real Life
tt1086772,Blended
tt2024544,12 Years a Slave
tt1051904,Goosebumps
tt1245492,This Is the End
tt2798920,Annihilation
tt5463162,Deadpool 2
tt0934706,Superman: Doomsday
tt5689068,Why We're Killing Gunther
tt5776858,Phantom Thread
tt0479143,Rocky Balboa
tt1657507,Colombiana
tt0346156,Sky Captain and the World of Tomorrow
tt4518260,Albion: The Enchanted Stallion
tt1077368,Dark Shadows
tt0317740,The Italian Job
tt1954470,Gangs of Wasseypur
tt0395169,Hotel Rwanda
tt1307068,Seeking a Friend for the End of the World
tt1228705,Iron Man 2
tt1598778,Contagion
tt4062536,Green Room
tt3791216,All the Way
tt1979388,The Good Dinosaur
tt1929263,Heaven Is for Real
tt1825918,Phineas and Ferb the Movie: Across the 2nd Dimension
tt4158096,Free Fire
tt0780571,Mr. Brooks
tt3704700,Brain on Fire
tt1130884,Shutter Island
tt0995031,Bhool Bhulaiyaa
tt3717252,Underworld: Blood Wars
tt1911658,Penguins of Madagascar
tt0368933,The Princess Diaries 2: Royal Engagement
tt6359956,A Bad Moms Christmas
tt3346224,Zipper
tt0332379,School of Rock
tt6818118,Jumbo
tt1152850,Wendy and Lucy
tt5073620,Below Her Mouth
tt0437777,Something New
tt0171356,Gun Shy
tt1214962,Seeking Justice
tt0970416,The Day the Earth Stood Still
tt0822389,Kenny
tt3748172,Gerald's Game
tt1596345,Pawn Sacrifice
tt2361317,Live by Night
tt0327056,Mystic River
tt1465522,Tucker and Dale vs Evil
tt3385516,X-Men: Apocalypse
tt0417741,Harry Potter and the Half-Blood Prince
tt3532216,American Made
tt2387559,Delivery Man
tt1277953,Madagascar 3: Europe's Most Wanted
tt4686862,Almost Adults
tt0454876,Life of Pi
tt1302011,Kung Fu Panda 2
tt0375154,Tristan + Isolde
tt0862846,Sunshine Cleaning
tt1586752,Machine Gun Preacher
tt0839980,Semi-Pro
tt3521164,Moana
tt2238032,Skiptrace
tt3169706,Pride
tt1860213,Dirty Grandpa
tt0955308,Robin Hood
tt5308322,Happy Death Day
tt2193265,Welcome to the Jungle
tt1060277,Cloverfield
tt0486576,Fantastic Four: Rise of the Silver Surfer
tt0289879,The Butterfly Effect
tt3263904,Sully
tt2377938,Special 26
tt1837703,The Fifth Estate
tt0337978,Live Free or Die Hard
tt0234215,The Matrix Reloaded
tt1491044,The Iceman
tt0208185,An Extremely Goofy Movie
tt0499549,Avatar
tt1731141,Ender's Game
tt1365519,Tomb Raider
tt1345836,The Dark Knight Rises
tt1568346,The Girl with the Dragon Tattoo
tt1981115,Thor: The Dark World
tt0892318,Letters to Juliet
tt1392214,Prisoners
tt0102685,Point Break
tt1924435,Let's Be Cops
tt0472043,Apocalypto
tt0454921,The Pursuit of Happyness
tt1095217,Bad Lieutenant: Port of Call New Orleans
tt2199571,Run All Night
tt0376479,American Pastoral
tt5721088,Just Getting Started
tt1980209,Pain & Gain
tt3235888,It Follows
tt2510894,Hotel Transylvania 2
tt2402927,Carol
tt0477080,Unstoppable
tt0475276,United 93
tt4698684,Hunt for the Wilderpeople
tt1023111,Never Back Down
tt0859163,The Mummy: Tomb of the Dragon Emperor
tt4270516,Grandma
tt0309377,Blood Work
tt2277860,Finding Dory
tt6324278,Abominable
tt3797868,The Choice
tt0878804,The Blind Side
tt2313197,"Batman: The Dark Knight Returns, Part 1"
tt2567026,Alice Through the Looking Glass
tt1320261,Gulliver's Travels
tt1596350,This Means War
tt0246578,Donnie Darko
tt0146316,Lara Croft: Tomb Raider
tt3316960,Still Alice
tt2317225,The Machine
tt3810760,Minimalism: A Documentary About the Important Things
tt1408253,Ride Along
tt3067274,The Editor
tt2312718,Homefront
tt1401152,Unknown
tt5360996,Mary Magdalene
tt0163978,The Beach
tt0947798,Black Swan
tt1692486,Carnage
tt1655442,The Artist
tt1860353,Turbo
tt1877832,X-Men: Days of Future Past
tt0800241,Transsiberian
tt0159273,Behind Enemy Lines
tt0829150,Dracula Untold
tt1313104,The Cove
tt1175709,All Good Things
tt1204977,Ouija
tt0439815,Slither
tt1355630,If I Stay
tt4846340,Hidden Figures
tt0380510,The Lovely Bones
tt1974420,Rules Don't Apply
tt0397101,The Skeleton Key
tt0758758,Into the Wild
tt2621000,Jolly LLB
tt1318514,Rise of the Planet of the Apes
tt2568862,Going in Style
tt0478044,Takeshis'
tt4652650,Please Stand By
tt1981107,The Young and Prodigious T.S. Spivet
tt0417217,Two for the Money
tt4701724,Early Man
tt2292959,The Canyons
tt2268458,These Final Hours
tt2888046,Ip Man 3
tt2883434,Black or White
tt0951216,Mad Money
tt0397892,Bolt
tt1636826,Project X
tt5776208,Resident Evil: Vendetta
tt0486655,Stardust
tt6946580,Lego Scooby-Doo! Blowout Beach Bash
tt1160996,The Colony
tt2034031,Laggies
tt4758646,War Machine
tt1506999,Haywire
tt2479478,The Ridiculous 6
tt0445922,Across the Universe
tt1477715,This Is It
tt3172532,The Diary of a Teenage Girl
tt3813310,Cop Car
tt0871426,Baby Mama
tt0204137,Animal Factory
tt2304953,Reasonable Doubt
tt4334266,The Bad Batch
tt1126591,Burlesque
tt4481414,Gifted
tt7167630,Batman: Gotham by Gaslight
tt2091935,Mr. Right
tt6499752,Upgrade
tt0319061,Big Fish
tt3577624,A Perfect Day
tt0468492,The Host
tt0289043,28 Days Later
tt1065073,Boyhood
tt1059786,Eagle Eye
tt0208092,Snatch
tt0091142,Gothic
tt0082495,Halloween II
tt2072233,Sleepless
tt3416532,A Monster Calls
tt0198781,"Monsters, Inc."
tt0489099,Jumper
tt1995390,Our Kind of Traitor
tt0844286,The Brothers Bloom
tt3714720,The Hollars
tt1355644,Passengers
tt0422720,Marie Antoinette
tt1234719,Red Dawn
tt4624424,Storks
tt0399295,Lord of War
tt1033575,The Descendants
tt2719848,Everest
tt0328107,Man on Fire
tt3501112,Security
tt1091751,The Longshots
tt2395427,Avengers: Age of Ultron
tt1403865,True Grit
tt5884230,Brad's Status
tt1605630,American Reunion
tt1049413,Up
tt2402101,Dark Places
tt5774450,Summer of 84
tt0804461,Death Sentence
tt2547584,The Light Between Oceans
tt0404390,Running Scared
tt2245084,Big Hero 6
tt0479537,Seraphim Falls
tt0144084,American Psycho
tt0408790,Flightplan
tt0266915,Rush Hour 2
tt1869716,The East
tt0410377,Nim's Island
tt1259528,Den of Thieves
tt3097204,The Inbetweeners 2
tt5727282,Borg vs. McEnroe
tt1398426,Straight Outta Compton
tt1253864,Immortals
tt1600196,The Drop
tt1734493,Unlocked
tt2870708,Wish I Was Here
tt0405094,The Lives of Others
tt0365686,Revolver
tt3371366,Transformers: The Last Knight
tt6304162,Loveless
tt7320560,Cuba and the Cameraman
tt7215388,The China Hustle
tt1201167,Funny People
tt6573444,Human Flow
tt3691740,The BFG
tt0405676,All the King's Men
tt0161081,What Lies Beneath
tt1292566,How to Be Single
tt0307987,Bad Santa
tt0862467,Valhalla Rising
tt2119532,Hacksaw Ridge
tt1179933,10 Cloverfield Lane
tt13651794,May December
tt5198890,Eileen
tt1570728,"Crazy, Stupid, Love."
tt4154796,Avengers: Endgame
tt1630029,Avatar: The Way of Water
tt9682428,Night Swim
tt0964517,The Fighter
tt17279496,Civil War
tt4154756,Avengers: Infinity War
tt0848228,The Avengers
tt0432637,Krrish
tt0441048,Dhoom 2
tt0449999,Kabhi Alvida Naa Kehna
tt0461936,Don
tt0488798,Welcome
tt0499375,Guru
tt0795434,Namastey London
tt0806088,Heyy Babyy
tt0845448,Dhamaal
tt0986264,Like Stars on Earth
tt1017456,Race
tt1043451,Delhi-6
tt1185442,Kurbaan
tt1187043,3 Idiots
tt1285241,Don 2
tt1428459,We Are Family
tt1562872,Zindagi Na Milegi Dobara
tt5117670,Peter Rabbit
tt4103724,Forever My Girl
tt4456850,Adventures in Babysitting
tt5478478,Hostiles
tt4500922,Maze Runner: The Death Cure
tt0322330,Freaky Friday
tt0983213,5 Centimeters per Second
tt6294822,The Post
tt0368709,Elizabethtown
tt1413492,12 Strong
tt0303361,May
tt6522634,The Lost Brother
tt6336356,Mary and the Witch's Flower
tt4209788,Molly's Game
tt6410564,The Third Murder
tt6903636,Grace Jones: Bloodlight and Bami
tt1485796,The Greatest Showman
tt2527336,Star Wars: Episode VIII - The Last Jedi
tt2011311,The Outsider
tt7877382,Lego DC Comics Super Heroes: The Flash
tt5017936,Prodigy
tt4765284,Pitch Perfect 3
tt2283362,Jumanji: Welcome to the Jungle
tt0457430,Pan's Labyrinth
tt7160070,Along With the Gods: The Two Worlds
tt0310793,Bowling for Columbine
tt4468740,Paddington 2
tt7291268,Gaga: Five Foot Two
tt5862312,Veronica
tt2395417,Still Life
tt1600524,Heartbeats
tt7315526,Devil's Tree: Rooted Evil
tt4513316,Novitiate
tt6263642,Generation Iron 2
tt4995790,The Square
tt5886440,Marrowbone
tt3521126,The Disaster Artist
tt6225520,The Man Who Invented Christmas
tt4769824,In This Corner (and Other Corners) of the World
tt5969696,The Battleship Island
tt7245176,Paradox
tt6878820,Zombies
tt6878038,A Taxi Driver
tt7326248,2036: Nexus Dawn
tt5697870,Lucknow Central
tt8005338,Tamborine
tt3666024,The Red Turtle
tt5990474,Columbus
tt5726616,Call Me by Your Name
tt5311514,Your Name.
tt4846232,Good Time
tt6408226,Newness
tt5027774,"Three Billboards Outside Ebbing, Missouri"
tt2321405,My Life as a Zucchini
tt4925292,Lady Bird
tt0974015,Justice League
tt4400994,The Ballad of Lefty Brown
tt2291540,My Friend Dahmer
tt5638642,The Ritual
tt6237612,Accident Man
tt3402236,Murder on the Orient Express
tt5649144,The Florida Project
tt5635086,God's Own Country
tt2543472,Wonder
tt6000478,"Roman J. Israel, Esq."
tt5709762,Naledi: A Baby Elephant's Tale
tt5536736,The Meyerowitz Stories
tt5203824,A Plastic Ocean
tt6214928,1922
tt5519340,Bright
tt3501632,Thor: Ragnarok
tt6018306,Last Flag Flying
tt5715874,The Killing of a Sacred Deer
tt2776878,Thank You for Your Service
tt6133130,Professor Marston & the Wonder Women
tt1615160,The Foreigner
tt5657856,Brawl in Cell Block 99
tt5175450,Mark Felt: The Man Who Brought Down the White House
tt4622512,Battle of the Sexes
tt4348012,Mayhem
tt5716464,Breathe
tt1396484,It
tt2226597,The Mountain Between Us
tt3881784,Stronger
tt5816682,Victoria & Abdul
tt5109784,Mother!
tt5013056,Dunkirk
tt5390504,Detroit
tt4649466,Kingsman: The Golden Circle
tt4443658,Better Watch Out
tt1083448,A Princess for Christmas
tt6142314,Batman vs. Two-Face
tt1961175,American Assassin
tt5112578,Super Dark Times
tt4207112,Score
tt0491203,Tulip Fever
tt5439796,Logan Lucky
tt1959563,The Hitman's Bodyguard
tt2239822,Valerian and the City of a Thousand Planets
tt6303866,Beach Rats
tt6288250,Patti Cake$
tt5362988,Wind River
tt2406566,Atomic Blonde
tt4072326,Ali and Nino
tt2378507,The Glass Castle
tt1010271,The Poughkeepsie Tapes
tt3450958,War for the Planet of the Apes
tt5140878,Annabelle: Creation
tt3564472,Girls Trip
tt3860916,Cargo
tt5592248,The Beguiled
tt3890160,Baby Driver
tt6265828,A Ghost Story
tt2674454,Churchill
tt0451279,Wonder Woman
tt2091256,Captain Underpants: The First Epic Movie
tt4411596,My Cousin Rachel
tt4218696,The Wall
tt4721124,The Exception
tt3344680,Boyka: Undisputed
tt4633690,Shot Caller
tt5195412,Wakefield
tt1219827,Ghost in the Shell
tt4776998,The Promise
tt4630562,The Fate of the Furious
tt1661275,Their Finest
tt3731562,Kong: Skull Island
tt0935075,Rabbit Hole
tt0403702,Youth in Revolt
tt1730768,The Zookeeper's Wife
tt3567194,Red Dog: True Blue
tt3026488,Alone in Berlin
tt3717490,Power Rangers
tt0493405,CHIPS
tt1082807,The Belko Experiment
tt5442430,Life
tt4116284,The Lego Batman Movie
tt4425200,John Wick: Chapter 2
tt1421377,Queen Rock Montreal & Live Aid
tt4731136,A Cure for Wellness
tt5031332,McLaren
tt3315342,Logan
tt2771200,Beauty and the Beast
tt2872518,The Shack
tt1691916,Before I Fall
tt5052448,Get Out
tt2034800,The Great Wall
tt0205873,The Dish
tt1800302,Gold
tt4211044,Adult Life Skills
tt4714782,Personal Shopper
tt3289956,The Autopsy of Jane Doe
tt2261287,Leap!
tt6315800,Teen Titans: The Judas Contract
tt4972582,Split
tt1895315,Brimstone
tt3741834,Lion
tt3387266,A United Kingdom
tt3748528,Rogue One: A Star Wars Story
tt4572514,Patriots Day
tt0490215,Silence
tt4385888,20th Century Women
tt3470600,Sing
tt4540710,Miss Sloane
tt2671706,Fences
tt3606888,A Street Cat Named Bob
tt3183660,Fantastic Beasts and Where to Find Them
tt4682786,Collateral Beauty
tt1619029,Jackie
tt3640424,Allied
tt4550098,Nocturnal Animals
tt4034228,Manchester by the Sea
tt1878870,The Edge of Seventeen
tt2543164,Arrival
tt0424205,Joyeux Noel
tt2513074,Billy Lynn's Long Halftime Walk
tt2494376,Justice League Dark
tt4649416,Almost Christmas
tt1679335,Trolls
tt3638396,Closet Monster
tt2170427,Good Kids
tt4547056,The Girl with All the Gifts
tt3776826,Operation Avalanche
tt4361050,Ouija: Origin of Evil
tt3631112,The Girl on the Train
tt5193784,Brotherhood
tt4196450,The Birth of a Nation
tt2950418,Greater
tt3608930,In a Valley of Violence
tt5700672,Train to Busan
tt3721936,American Honey
tt3137630,David Brent: Life on the Road
tt3774114,Snowden
tt4572820,For the Love of Spock
tt4647900,I Am Bolt
tt1473832,Bridget Jones's Baby
tt1386697,Suicide Squad
tt4630444,Being Charlie
tt3652862,Morris from America
tt2788732,Pete's Dragon
tt4160708,Don't Breathe
tt2709768,The Secret Life of Pets
tt5213534,Oasis: Supersonic
tt1703957,Genius
tt1700841,Sausage Party
tt4190530,Anthropoid
tt2660888,Star Trek Beyond
tt3531824,Nerve
tt4786282,Lights Out
tt3647498,Blood Father
tt1355631,The Infiltrator
tt4094724,The Purge: Election Year
tt4034354,Swiss Army Man
tt5595168,Kingsglaive: Final Fantasy XV
tt0918940,The Legend of Tarzan
tt1974419,The Neon Demon
tt2545118,Blackfish
tt3824344,Monster High: Freaky Fusion
tt2235542,Big Top Scooby-Doo!
tt1489889,Central Intelligence
tt4513674,Café Society
tt0803096,Warcraft
tt3949660,Teenage Mutant Ninja Turtles: Out of the Shadows
tt3960412,Popstar: Never Stop Never Stopping
tt4136084,Florence Foster Jenkins
tt3068194,Love & Friendship
tt3498820,Captain America: Civil War
tt3065204,The Conjuring 2
tt3450900,The Sea of Trees
tt0236784,The Tailor of Panama
tt3110958,Now You See Me 2
tt0411270,The Beat That My Heart Skipped
tt2241351,Money Monster
tt3471098,Maggie's Plan
tt3799694,The Nice Guys
tt3040964,The Jungle Book
tt0995868,Pele: Birth of a Legend
tt1517471,Dough
tt0157583,Enigma
tt2381991,The Huntsman: Winter's War
tt2554274,Crimson Peak
tt0477095,Starter for 10
tt3100274,Manhattan Night
tt4853102,Batman: The Killing Joke
tt3072482,Hardcore Henry
tt3544112,Sing Street
tt1172049,Demolition
tt1226271,The Damned United
tt0783233,Atonement
tt3504604,Steve McQueen: The Man & Le Mans
tt0457513,Scoop
tt0337563,13 Going on 30
tt0354595,The Game of Their Lives
tt2265171,The Raid 2
tt3195644,Insidious: Chapter 3
tt2057392,Eye in the Sky
tt2267968,Kung Fu Panda 3
tt3760922,My Big Fat Greek Wedding 2
tt1083452,Eddie the Eagle
tt0281322,Undisputed
tt0170691,Tigerland
tt1130080,The Informant!
tt3766394,"Hello, My Name Is Doris"
tt0280707,Gosford Park
tt1416801,Kill the Irishman
tt4172430,13 Hours: The Secret Soldiers of Benghazi
tt0475290,"Hail, Caesar!"
tt2217859,Louder Than Bombs
tt0462499,Rambo
tt2911666,John Wick
tt1712261,Triple 9
tt0947802,Lakeview Terrace
tt1650043,Diary of a Wimpy Kid: Rodrick Rules
tt0867334,Jolene
tt1436568,Assassination Games
tt0299977,Hero
tt3882082,The Boy
tt1042877,Cadillac Records
tt0035423,Kate & Leopold
tt3850590,Krampus
tt4768764,Veteran
tt1714206,The Spectacular Now
tt0796375,You Kill Me
tt1663202,The Revenant
tt0469623,Things We Lost in the Fire
tt0190332,"Crouching Tiger, Hidden Dragon"
tt5091548,Justice League vs. Teen Titans
tt2271563,Forsaken
tt0219965,Bandits
tt5475710,Monster High: Great Scarrier Reef
tt1951266,The Hunger Games: Mockingjay - Part 2
tt3322364,Concussion
tt1528854,Daddy's Home
tt0981227,Nick and Norah's Infinite Playlist
tt5275844,Michael Jackson's Journey from Motown to Off the Wall
tt0416508,Becoming Jane
tt3460252,The Hateful Eight
tt2162709,Scooby-Doo! Music of the Vampire
tt1596363,The Big Short
tt1700844,The Deep Blue Sea
tt0800240,Deception
tt2452042,The Peanuts Movie
tt1976009,Victor Frankenstein
tt1390411,In the Heart of the Sea
tt2381111,Brooklyn
tt0388139,It's All Gone Pete Tong
tt3530002,The Night Before
tt0810819,The Danish Girl
tt3170832,Room
tt5251438,Lego DC Comics Super Heroes: Justice League - Cosmic Clash
tt2172935,Metallica Through the Never
tt3076658,Creed
tt3719896,My All-American
tt1895587,Spotlight
tt3464902,The Lobster
tt1741273,Secret in Their Eyes
tt0310281,A Mighty Wind
tt3203606,Trumbo
tt2080374,Steve Jobs
tt3819668,Dragon Ball Z: Resurrection 'F'
tt2006295,The 33
tt0385726,Glory Road
tt3401748,Oddball
tt2245003,Miss You Already
tt1114680,That Evening Sun
tt2884018,Macbeth
tt3680410,Last Cab to Darwin
tt1640718,Kahlil Gibran's The Prophet
tt0286499,Bend It Like Beckham
tt3077214,Suffragette
tt4870838,Batman: Bad Blood
tt1018765,Our Brand Is Crisis
tt1355683,Black Mass
tt2891174,99 Homes
tt0328828,American Wedding
tt3682448,Bridge of Spies
tt2515030,Escobar: Paradise Lost
tt3859076,Truth
tt4007502,Frozen Fever
tt3705412,Deathgasm
tt2582502,Fathers & Daughters
tt2458106,Ninja: Shadow of a Tear
tt0443473,The Condemned
tt0380389,Goal! The Dream Begins
tt1291570,Solace
tt2361509,The Intern
tt2503944,Burnt
tt3659388,The Martian
tt3715320,Irrational Man
tt3488710,The Walk
tt3567288,The Visit
tt1178665,A Walk in the Woods
tt3054798,Memories of the Sword
tt1528071,Horns
tt0289992,The Life of David Gale
tt3276924,Heist
tt1525890,The Caller
tt0371246,Spanglish
tt2023690,Sightseers
tt2494362,Bone Tomahawk
tt1828976,"Good Luck Charlie, It's Christmas!"
tt1727770,Absolutely Anything
tt1483324,At Middleton
tt1754656,The Little Prince
tt2870648,Amy
tt2349144,Mississippi Grind
tt4046784,Maze Runner: The Scorch Trials
tt3554046,Space Jam: A New Legacy
tt4477536,Fifty Shades Freed
tt11755740,Texas Chainsaw Massacre
tt0983946,Fantasy Island
tt10665342,Halloween Ends
tt5033998,Charlie's Angels
tt5834426,Moonfall
tt9224104,Meg 2: The Trench
tt10342730,Spiral
tt2274648,Hellboy
tt4913966,The Curse of La Llorona
tt5108870,Morbius
tt5433138,F9: The Fast Saga
tt6133466,The First Purge
tt6475714,Monster Hunter
tt6772950,Truth or Dare
tt6920084,Resident Evil: Welcome to Raccoon City
tt3829266,The Predator
tt4126476,After
tt4532826,Robin Hood
tt4682266,The New Mutants
tt5814060,The Nun
tt6802400,Coming 2 America
tt1298644,The Hustle
tt7126948,Wonder Woman 1984
tt10665338,Halloween Kills
tt1655389,Blonde
tt2180339,Deep Water
tt2548396,The Cloverfield Paradox
tt4589218,Five Nights at Freddy's
tt2283336,Men in Black: International
tt2557478,Pacific Rim: Uprising
tt4779682,The Meg
tt6673612,Dolittle
tt6791096,I Feel Pretty
tt7958736,Ma
tt8041270,Jurassic World Dominion
tt9203694,Stowaway
tt0837563,Pet Sematary
tt1025100,Gemini Man
tt10838180,The Matrix Resurrections
tt1634106,Bloodshot
tt5500218,Samaritan
tt5726086,Insidious: The Last Key
tt6111574,The Woman in the Window
tt6565702,X-Men: Dark Phoenix
tt8663516,Child's Play
tt9844522,Escape Room: Tournament of Champions
tt0993840,Army of the Dead
tt10954652,Old
tt11671006,The Man from Toronto
tt4566758,Mulan
tt5433140,Fast X
tt5758778,Skyscraper
tt14209916,Cocaine Bear
tt2452244,Isn't It Romantic
tt3272066,Reminiscence
tt5774060,Underwater
tt7097896,Venom: Let There Be Carnage
tt8350360,Annabelle Comes Home
tt8368406,Vivarium
tt9347730,Candyman
tt0293429,Mortal Kombat
tt10059518,Unhinged
tt10151854,Shazam! Fury of the Gods
tt11909878,Hocus Pocus 2
tt1838556,Honest Thief
tt3741700,Godzilla: King of the Monsters
tt5968394,Captive State
tt6663582,The Spy Who Dumped Me
tt7550000,Project Power
tt10298810,Lightyear
tt10304142,Amsterdam
tt10954600,Ant-Man and the Wasp: Quantumania
tt1206885,Rambo: Last Blood
tt13314558,Day Shift
tt13320622,The Lost City
tt13375076,The Pope's Exorcist
tt14109724,Ticket to Paradise
tt15679400,Knock at the Cabin
tt1571234,Mortal Engines
tt2119543,The House with a Clock in Its Walls
tt2231461,Rampage
tt4560436,Mile 22
tt4881806,Jurassic World: Fallen Kingdom
tt4998632,Ambulance
tt5090568,Transformers: Rise of the Beasts
tt5177088,The Girl in the Spider's Web
tt5834262,Hotel Artemis
tt7713068,Birds of Prey
tt7752126,Brightburn
tt8106534,6 Underground
tt8364368,Crawl
tt8385148,Hitman's Wife's Bodyguard
tt9362930,Blue Beetle
tt10648342,Thor: Love and Thunder
tt3387520,Scary Stories to Tell in the Dark
tt3811906,Malignant
tt4123432,Fantastic Beasts: The Secrets of Dumbledore
tt5073642,Color Out of Space
tt5719748,Cold Pursuit
tt6443346,Black Adam
tt6450804,Terminator: Dark Fate
tt6921996,Johnny English Strikes Again
tt7734218,Stuber
tt8155288,Happy Death Day 2U
tt10731256,Don't Worry Darling
tt10919380,Freaky
tt11245972,Scream
tt1137450,Death Wish
tt1464335,Uncharted
tt2328900,Mary Queen of Scots
tt3861390,Dumbo
tt5034838,Godzilla vs. Kong
tt5164214,Ocean's Eight
tt5220122,Hotel Transylvania 3: Summer Vacation
tt5503686,Hustlers
tt6856242,The King's Man
tt6902676,Guns Akimbo
tt7069210,The Conjuring: The Devil Made Me Do It
tt7657566,Death on the Nile
tt7985704,Operation Fortune: Ruse de Guerre
tt7991608,Red Notice
tt8110232,The Many Saints of Newark
tt9032400,Eternals
tt15325794,Fall
tt15671028,No Hard Feelings
tt2527338,Star Wars: Episode IX - The Rise of Skywalker
tt2709692,The Grinch
tt4463894,Shaft
tt5113040,The Secret Life of Pets 2
tt5886046,Escape Room
tt6189022,Angel Has Fallen
tt7737786,Greenland
tt8760708,M3GAN
tt9893250,I Care a Lot
tt12412888,Sonic the Hedgehog 2
tt13345606,Evil Dead Rise
tt13640696,See How They Run
tt1488606,Triple Frontier
tt1502397,Bad Boys for Life
tt1502407,Halloween
tt15474916,Smile
tt1649418,The Gray Man
tt17663992,Scream VI
tt2854926,Tag
tt2935510,Ad Astra
tt3794354,Sonic the Hedgehog
tt4123430,Fantastic Beasts: The Crimes of Grindelwald
tt5113044,Minions: The Rise of Gru
tt5884052,Pokémon: Detective Pikachu
tt6806448,Fast & Furious Presents: Hobbs & Shaw
tt6850820,Peppermint
tt6998518,Mandy
tt7349950,It Chapter Two
tt8244784,The Hunt
tt8623904,Last Christmas
tt0870154,Jungle Cruise
tt11214590,House of Gucci
tt12536294,Spencer
tt1270797,Venom
tt13560574,X
tt14138650,The Pale Blue Eye
tt14230388,Asteroid City
tt1462764,Indiana Jones and the Dial of Destiny
tt1846589,Hunter Killer
tt22687790,A Haunting in Venice
tt3513498,The Lego Movie 2: The Second Part
tt4244998,Alpha
tt4530422,Overlord
tt4777008,Maleficent: Mistress of Evil
tt6823368,Glass
tt6911608,Mamma Mia! Here We Go Again
tt7846844,Enola Holmes
tt8688634,21 Bridges
tt9777666,The Tomorrow War
tt0439572,The Flash
tt1034415,Suspiria
tt12003946,Violent Night
tt1560220,Zombieland: Double Tap
tt2463208,The Adam Project
tt3480822,Black Widow
tt3766354,The Equalizer 2
tt4701182,Bumblebee
tt5028340,Mary Poppins Returns
tt6924650,Midway
tt6977338,Good Boys
tt7504726,The Call of the Wild
tt7556122,The Old Guard
tt7975244,Jumanji: The Next Level
tt9114286,Black Panther: Wakanda Forever
tt9198364,Three Thousand Years of Longing
tt9214832,Emma.
tt0385887,Motherless Brooklyn
tt10168670,Bones and All
tt10954984,Nope
tt11145118,Creed III
tt1477834,Aquaman
tt4154664,Captain Marvel
tt4218572,Widows
tt4520988,Frozen II
tt5814534,Spies in Disguise
tt6105098,The Lion King
tt6394270,Bombshell
tt6820256,Arctic
tt6857112,Us
tt6878306,News of the World
tt7040874,A Simple Favor
tt7638348,Boss Level
tt8079248,Yesterday
tt8115900,The Bad Guys
tt8936646,Extraction
tt17024450,The Equalizer 3
tt1860242,The Highwaymen
tt2704998,Game Night
tt2850386,The Croods: A New Age
tt3104988,Crazy Rich Asians
tt3778644,Solo: A Star Wars Story
tt4971344,The Sisters Brothers
tt5610554,Tully
tt5688932,Sorry to Bother You
tt6139732,Aladdin
tt6491178,Dragged Across Concrete
tt6679794,Outlaw King
tt7144666,The Black Phone
tt7798634,Ready or Not
tt8093700,The Woman King
tt9419884,Doctor Strange in the Multiverse of Madness
tt0448115,Shazam!
tt11138512,The Northman
tt11291274,The Unbearable Weight of Massive Talent
tt1517268,Barbie
tt15789038,Elemental
tt15791034,Barbarian
tt5095030,Ant-Man and the Wasp
tt5848272,Ralph Breaks the Internet
tt6048922,Greyhound
tt7740496,Nightmare Alley
tt7959026,The Mule
tt8097030,Turning Red
tt9639470,Last Night in Soho
tt1051906,The Invisible Man
tt10638522,Talk to Me
tt10640346,Babylon
tt10855768,Missing
tt11083552,Wrath of Man
tt11271038,Licorice Pizza
tt11564570,Glass Onion
tt11866324,Prey
tt1489887,Booksmart
tt4513678,Ghostbusters: Afterlife
tt4595882,Can You Ever Forgive Me?
tt5052474,Sicario: Day of the Soldado
tt6264654,Free Guy
tt6343314,Creed II
tt6513120,Fighting with My Family
tt6628394,Bad Times at the El Royale
tt6718170,The Super Mario Bros. Movie
tt7125860,If Beale Street Could Talk
tt8772262,Midsommar
tt8847712,The French Dispatch
tt8912936,DC League of Super-Pets
tt9686708,The King of Staten Island
tt11286314,Don't Look Up
tt12789558,Belfast
tt3224458,A Beautiful Day in the Neighborhood
tt3581652,West Side Story
tt4495098,Gran Turismo
tt4575576,Christopher Robin
tt5971474,The Little Mermaid
tt6266538,Vice
tt6334354,The Suicide Squad
tt6472976,Five Feet Apart
tt9411972,Where the Crawdads Sing
tt9764362,The Menu
tt0437086,Alita: Battle Angel
tt1213641,First Man
tt12593682,Bullet Train
tt1321510,In the Heights
tt1825683,Black Panther
tt2066051,Rocketman
tt2382320,No Time to Die
tt2906216,Dungeons & Dragons: Honor Among Thieves
tt3228774,Cruella
tt5606664,Doctor Sleep
tt6723592,Tenet
tt7401588,Instant Family
tt9243946,El Camino: A Breaking Bad Movie
tt9770150,Nomadland
tt10633456,Minari
tt1226837,Beautiful Boy
tt14444726,Tár
tt16419074,Air
tt1677720,Ready Player One
tt2386490,How to Train Your Dragon: The Hidden World
tt4244994,The Last Duel
tt5727208,Uncut Gems
tt6146586,John Wick: Chapter 3 - Parabellum
tt6320628,Spider-Man: Far from Home
tt6398184,Downton Abbey
tt6467266,Sing 2
tt7014006,Eighth Grade
tt7146812,Onward
tt7888964,Nobody
tt7984734,The Lighthouse
tt9376612,Shang-Chi and the Legend of the Ten Rings
tt9784798,Judas and the Black Messiah
tt11655202,Riders of Justice
tt14208870,The Fabelmans
tt3513548,Richard Jewell
tt4873118,Guy Ritchie's the Covenant
tt5083738,The Favourite
tt5164432,"Love, Simon"
tt7405458,A Man Called Otto
tt8721424,"tick, tick... BOOM!"
tt9426210,Weathering with You
tt9620288,King Richard
tt1488589,Guillermo del Toro's Pinocchio
tt1517451,A Star Is Born
tt3606756,Incredibles 2
tt4364194,The Peanut Butter Falcon
tt4916630,Just Mercy
tt7131622,Once Upon a Time... in Hollywood
tt7668870,Searching
tt7979580,The Mitchells vs. the Machines
tt10366206,John Wick: Chapter 4
tt1070874,The Trial of the Chicago 7
tt13833688,The Whale
tt1979376,Toy Story 4
tt4912910,Mission: Impossible - Fallout
tt5363618,Sound of Metal
tt7599146,Sound of Freedom
tt1302006,The Irishman
tt1877830,The Batman
tt3281548,Little Women
tt3915174,Puss in Boots: The Last Wish
tt6710474,Everything Everywhere All at Once
tt8367814,The Gentlemen
tt9603212,Mission: Impossible - Dead Reckoning Part One
tt12361974,Zack Snyder's Justice League
tt1727824,Bohemian Rhapsody
tt2584384,Jojo Rabbit
tt6791350,Guardians of the Galaxy Vol. 3
tt7653254,Marriage Story
tt8946378,Knives Out
tt10366460,CODA
tt1160419,Dune: Part One
tt5537002,Killers of the Flower Moon
tt10554232,Dara of Jasenovac
tt1950186,Ford v Ferrari
tt10272386,The Father
tt10872600,Spider-Man: No Way Home
tt4729430,Klaus
tt6966692,Green Book
tt8108198,Andhadhun
tt8579674,1917
tt1745960,Top Gun: Maverick
tt4633694,Spider-Man: Into the Spider-Verse
tt8267604,Capernaum
tt15398776,Oppenheimer
tt6751668,Parasite
tt9362722,Spider-Man: Across the Spider-Verse
tt7349662,BlacKkKlansman
tt7158814,Lego DC Super Hero Girls: Brain Drain
tt3777860,Mammal
tt2073600,Lad: A Yorkshire Story
tt2077005,Unguarded
tt3983674,The Mask You Live In
tt5275892,O.J.: Made in America
tt6267732,Lou
tt5207116,X: Past Is Present
tt4973112,Hitting the Apex
tt2833398,Doug Stanhope: Beer Hall Putsch
tt0468569,The Dark Knight
tt2582802,Whiplash
tt5728684,Sour Grapes
tt6343706,"Michael Bolton's Big, Sexy Valentine's Day Special"
tt6794398,Hell on Earth: The Fall of Syria and the Rise of ISIS
tt5613056,Piper
tt5807512,Inner Workings
tt1510985,Never Sleep Again: The Elm Street Legacy
tt1545103,Rush: Beyond the Lighted Stage
tt4970632,Tom Segura: Mostly Stories
tt0473692,Neil Young: Heart of Gold
tt0816692,Interstellar
tt0167260,The Lord of the Rings: The Return of the King
tt0209144,Memento
tt0253474,The Pianist
tt1424432,Senna
tt1865505,Song of the Sea
tt0923752,The King of Kong: A Fistful of Quarters
tt1417592,Pearl Jam Twenty
tt0167261,The Lord of the Rings: The Two Towers
tt2278388,The Grand Budapest Hotel
tt0770802,Samsara
tt1245104,Presto
tt5895028,13th
tt2388725,Paperman
tt2515086,One Direction: This Is Us
tt3521134,The Look of Silence
tt0343121,Tupac: Resurrection
tt5571734,Pink
tt6649108,Deep in the Heart of Texas: Dave Chappelle Live at Austin City Limits
tt0283883,And Now Ladies & Gentlemen
tt2079566,Rush: Time Machine - Live in Cleveland 02011
tt3104062,Camp Belvidere
tt4971824,Very Big Shot
tt3206616,Oct-01
tt5304980,A Grand Night In: The Story of Aardman
tt2244376,Bwakaw
tt1178658,This Is the Life
tt2015381,Guardians of the Galaxy
tt0172495,Gladiator
tt0407887,The Departed
tt0993846,The Wolf of Wall Street
tt1798709,Her
tt1425244,Partly Cloudy
tt0338013,Eternal Sunshine of the Spotless Mind
tt1684226,The Normal Heart
tt2166834,"Batman: The Dark Knight Returns, Part 2"
tt0180093,Requiem for a Dream
tt4044364,Citizenfour
tt3302820,Cowspiracy: The Sustainability Secret
tt5929776,Before the Flood
tt3210258,Bo Burnham: what.
tt1213574,"Chris Rock: Kill the Messenger - London, New York, Johannesburg"
tt0366996,The Saddest Music in the World
tt1853728,Django Unchained
tt1205489,Gran Torino
tt0414387,Pride & Prejudice
tt2194499,About Time
tt1334585,Burn-E
tt2616880,The Blue Umbrella
tt4136056,The Seven Five
tt1725969,Ethel & Ernest
tt4324916,Can We Take a Joke?
tt5136700,Kareem: Minority of One
tt6408738,Trumped: Inside the Greatest Political Upset of All Time
tt0304141,Harry Potter and the Prisoner of Azkaban
tt0266697,Kill Bill: Vol. 1
tt0378194,Kill Bill: Vol. 2
tt0434409,V for Vendetta
tt0264464,Catch Me If You Can
tt0166924,Mulholland Drive
tt0460791,The Fall
tt3967856,Okja
tt0477348,No Country for Old Men
tt0332280,The Notebook
tt0405159,Million Dollar Baby
tt1291584,Warrior
tt1954299,I Am Bruce Lee
tt1659337,The Perks of Being a Wallflower
tt2582496,Me and Earl and the Dying Girl
tt0268978,A Beautiful Mind
tt0168629,Dancer in the Dark
tt1979320,Rush
tt1645089,Inside Job
tt0756683,The Man from Earth
tt1924396,The Best Offer
tt1028532,Hachi: A Dog's Tale
tt2382298,Life Itself
tt4128102,Marvel 75 Years: From Pulp to Pop!
tt1999192,Kevin Hart: Laugh at My Pain
tt1278469,Temple Grandin
tt1157605,Anvil
tt3970482,Roger Waters: The Wall
tt1447508,Peepli [Live]
tt1292594,Front of the Class
tt4085696,Billy Elliot
tt6067832,Batman & Bill
tt5333842,Legends of the Hidden Temple
tt5066564,Theo Von: No Offense
tt2375589,Teenage Kicks
tt2872718,Nightcrawler
tt1170358,The Hobbit: The Desolation of Smaug
tt0435761,Toy Story 3
tt2582846,The Fault in Our Stars
tt0470752,Ex Machina
tt1535109,Captain Phillips
tt0463998,Freedom Writers
tt1182345,Moon
tt1646971,How to Train Your Dragon 2
tt1504320,The King's Speech
tt1010048,Slumdog Millionaire
tt3472226,Kung Fury
tt0381681,Before Sunset
tt1569923,Batman: Under the Red Hood
tt0248126,Kabhi Khushi Kabhie Gham...
tt1620446,Day & Night
tt0945571,Lifted
tt0358456,Earthlings
tt4621642,"Murder, She Baked: A Chocolate Chip Cookie Mystery"
tt6648926,The Age of Spin: Dave Chappelle Live at the Hollywood Palladium
tt0389326,Riding Giants
tt2608224,The Butterfly's Dream
tt6090102,Jim Gaffigan: Cinco
tt1249171,Global Metal
tt6562866,Trevor Noah: Afraid of the Dark
tt2700330,The Two Escobars
tt2395133,Adjust Your Tracking
tt5519566,The First Monday in May
tt0325980,Pirates of the Caribbean: The Curse of the Black Pearl
tt0241527,Harry Potter and the Sorcerer's Stone
tt0372784,Batman Begins
tt0330373,Harry Potter and the Goblet of Fire
tt0162222,Cast Away
tt1490017,The Lego Movie
tt5117876,Descendants 2
tt0892769,How to Train Your Dragon
tt2884206,I Origins
tt0388795,Brokeback Mountain
tt0248808,For the Birds
tt4714568,The Young Offenders
tt1155592,Man on Wire
tt0421082,Control
tt0233298,Batman Beyond: Return of the Joker
tt4229236,Cobain: Montage of Heck
tt0199725,Love & Basketball
tt6016776,Team Thor
tt1714210,Weekend
tt6736782,Louis C.K. 2017
tt1295085,Gifted Hands: The Ben Carson Story
tt4430212,Drishyam
tt1560139,Boy
tt0380268,Cocaine Cowboys
tt4157220,Iris
tt0346952,An Evening with Kevin Smith
tt2243393,Love Never Dies
tt4795692,Sister Cities
tt1926313,Pyaar Ka Punchnama
tt0400234,Black Friday
tt1431045,Deadpool
